{
  "target": "bmv2",
  "p4info": "build/basic.p4.p4info.txt",
  "bmv2_json": "build/basic.json",
  "table_entries": [
    {
      "table": "MyIngress.ipv4_lpm",
      "match": {
        "hdr.ipv4.dstAddr": ["10.0.1.1", 32]
      },
      "action_name": "MyIngress.lfmp_lpm",
      "action_params": {
		  "dstSw": 1,
		  "thisSw": 2,
		  "localPort": 0
      }
    },
    {
      "table": "MyIngress.ipv4_lpm",
      "match": {
        "hdr.ipv4.dstAddr": ["10.0.2.2", 32]
      },
      "action_name": "MyIngress.lfmp_lpm",
      "action_params": {
		  "dstSw": 1,
		  "thisSw": 2,
		  "localPort": 0
      }
    },
    {
      "table": "MyIngress.ipv4_lpm",
      "match": {
        "hdr.ipv4.dstAddr": ["10.0.3.3", 32]
      },
      "action_name": "MyIngress.lfmp_lpm",
      "action_params": {
		  "dstSw": 2,
		  "thisSw": 2,
		  "localPort": 1
      }
    },
    {
      "table": "MyIngress.ipv4_lpm",
      "match": {
        "hdr.ipv4.dstAddr": ["10.0.4.4", 32]
      },
      "action_name": "MyIngress.lfmp_lpm",
      "action_params": {
		  "dstSw": 2,
		  "thisSw": 2,
		  "localPort": 2
      }
    },
	 {
      "table": "MyIngress.ipv4_altports",
      "match": {
        "meta.dstSw": [1]
      },
      "action_name": "MyIngress.lfmp_altports",
      "action_params": {
        "altPort1": 4,
	  "altPort2": 3,
	 "altPort3": 3,
	"multicastGroupOffset": 0
      }
    },
    {
      "table": "MyIngress.ipv4_altports",
      "match": {
        "meta.dstSw": [2]
      },
      "action_name": "MyIngress.lfmp_altports",
      "action_params": {
        "altPort1": 0,
	 	  "altPort2": 0,
	 	  "altPort3": 0,
	"multicastGroupOffset": 4
      }
    }
  ]
}
